{
   "dashboards": [{
      "adapterName": "VMware vSphere",
      "autoswitchEnabled": false,
      "columnCount": 1,
      "columnProportion": "1-1",
      "creationTime": 1660682970909,
      "dashboardNavigations": {},
      "description": "This is part of Sustainability set of dashboards. \nIt identifies the greenest cluster to provision the next VM.",
      "disabled": false,
      "docCenterKey": "vcom_639",
      "gridsterMaxColumns": 12,
      "hidden": true,
      "homeTab": false,
      "id": "0ef2bd37-2375-4a20-895f-17b99953a10e",
      "importAttempts": 0,
      "importComplete": true,
      "lastUpdateTime": 1664486420452,
      "lastUpdateUserId": "076b0723-82fa-30f4-a4d0-0b687fbb1b86",
      "locked": false,
      "name": "VMware Carbon Transparency",
      "rank": 0,
      "shared": true,
      "states": [],
      "temporary": false,
      "userId": "076b0723-82fa-30f4-a4d0-0b687fbb1b86",
      "widgetInteractions": [
         {
            "type": "resourceId",
            "widgetIdProvider": "b4d5fdbd-d998-46bb-a99d-a9d892f51c9a",
            "widgetIdReceiver": "614ae2a7-1be8-40d6-8ce5-0bb7700ec602"
         },
         {
            "type": "resourceId",
            "widgetIdProvider": "b4d5fdbd-d998-46bb-a99d-a9d892f51c9a",
            "widgetIdReceiver": "80e4fc26-7c44-4ca0-a9aa-7c98fe71d65d"
         },
         {
            "type": "resourceId",
            "widgetIdProvider": "c1477edf-d6ad-4292-9e3d-04d03925d221",
            "widgetIdReceiver": "614ae2a7-1be8-40d6-8ce5-0bb7700ec602"
         },
         {
            "type": "resourceId",
            "widgetIdProvider": "c1477edf-d6ad-4292-9e3d-04d03925d221",
            "widgetIdReceiver": "80e4fc26-7c44-4ca0-a9aa-7c98fe71d65d"
         },
         {
            "type": "resourceId",
            "widgetIdProvider": "d02c6191-e6a1-4466-88f6-fe172186be2c",
            "widgetIdReceiver": "b4d5fdbd-d998-46bb-a99d-a9d892f51c9a"
         },
         {
            "type": "resourceId",
            "widgetIdProvider": "f84a6fca-c43c-427d-a3f2-c54979e6dabe",
            "widgetIdReceiver": "614ae2a7-1be8-40d6-8ce5-0bb7700ec602"
         },
         {
            "type": "resourceId",
            "widgetIdProvider": "f84a6fca-c43c-427d-a3f2-c54979e6dabe",
            "widgetIdReceiver": "80e4fc26-7c44-4ca0-a9aa-7c98fe71d65d"
         },
         {
            "type": "resourceId",
            "widgetIdProvider": "be620642-360a-4103-b02a-63bb8585409d",
            "widgetIdReceiver": "614ae2a7-1be8-40d6-8ce5-0bb7700ec602"
         },
         {
            "type": "resourceId",
            "widgetIdProvider": "be620642-360a-4103-b02a-63bb8585409d",
            "widgetIdReceiver": "80e4fc26-7c44-4ca0-a9aa-7c98fe71d65d"
         },
         {
            "type": "resourceId",
            "widgetIdProvider": "d02c6191-e6a1-4466-88f6-fe172186be2c",
            "widgetIdReceiver": "1a0f6d5d-9a14-477c-96ab-fc0452dfe745"
         },
         {
            "type": "resourceId",
            "widgetIdProvider": "8c972a4a-ee98-4b16-99a4-7820a09074dc",
            "widgetIdReceiver": "9c6f7499-1a36-419f-8f5f-a912ce96dabf"
         },
         {
            "type": "resourceId",
            "widgetIdProvider": "9c6f7499-1a36-419f-8f5f-a912ce96dabf",
            "widgetIdReceiver": "b4d5fdbd-d998-46bb-a99d-a9d892f51c9a"
         },
         {
            "type": "resourceId",
            "widgetIdProvider": "d02c6191-e6a1-4466-88f6-fe172186be2c",
            "widgetIdReceiver": "9c6f7499-1a36-419f-8f5f-a912ce96dabf"
         },
         {
            "type": "resourceId",
            "widgetIdProvider": "1a0f6d5d-9a14-477c-96ab-fc0452dfe745",
            "widgetIdReceiver": "614ae2a7-1be8-40d6-8ce5-0bb7700ec602"
         },
         {
            "type": "resourceId",
            "widgetIdProvider": "1a0f6d5d-9a14-477c-96ab-fc0452dfe745",
            "widgetIdReceiver": "80e4fc26-7c44-4ca0-a9aa-7c98fe71d65d"
         }
      ],
      "widgets": [
         {
            "collapsed": false,
            "config": {
               "additionalColumns": [
                  {
                     "boxLabel": "Capacity Remaining (%)",
                     "metricKey": "OnlineCapacityAnalytics|capacityRemainingPercentage",
                     "metricName": "Capacity Analytics Generated|Capacity Remaining Percentage (%)",
                     "resourceKindId": "resourceKind:id:0_::_"
                  },
                  {
                     "boxLabel": "Time Remaining (Days)",
                     "metricKey": "OnlineCapacityAnalytics|timeRemaining",
                     "metricName": "Capacity Analytics Generated|Time Remaining (Day(s))",
                     "resourceKindId": "resourceKind:id:0_::_"
                  }
               ],
               "barsCount": 10,
               "customFilter": {
                  "excludedResources": null,
                  "filter": [],
                  "includedResources": null
               },
               "depth": 10,
               "filterMode": "tagPicker",
               "filterOldMetrics": {"filterOldMetrics": false},
               "maxValue": null,
               "metric": {
                  "metricKey": "sustainability|power_usage_per_ghz",
                  "name": "Sustainability|Power usage per GHz (Wh)"
               },
               "metricName": "Power usage per GHz",
               "metricUnit": {
                  "metricUnitId": -1,
                  "metricUnitName": "Auto"
               },
               "mode": "all",
               "orangeBound": 50,
               "percentileValue": null,
               "redBound": 80,
               "refreshContent": {"refreshContent": true},
               "refreshInterval": 300,
               "regenerationTime": 15,
               "relationshipMode": {"relationshipMode": [
                  -1,
                  0
               ]},
               "resource": [],
               "resourceKind": [{"id": "resourceKind:id:0_::_"}],
               "roundDecimals": 1,
               "selfProvider": {"selfProvider": true},
               "tagFilter": null,
               "title": "Clusters by Highest Power Consumption: Real-Time",
               "topOption": "metricsHighestUtilization",
               "yellowBound": 40
            },
            "gridsterCoords": {
               "h": 8,
               "w": 6,
               "x": 1,
               "y": 28
            },
            "height": 438,
            "id": "f84a6fca-c43c-427d-a3f2-c54979e6dabe",
            "states": [{
               "key": "perm_toolbarVisible_widget_0ef2bd37-2375-4a20-895f-17b99953a10e_f84a6fca-c43c-427d-a3f2-c54979e6dabe",
               "value": "b%3A1"
            }],
            "title": "Clusters by Highest Power Consumption: Real-Time",
            "type": "ParetoAnalysis"
         },
         {
            "collapsed": false,
            "config": {
               "chartViewItems": [
                  "legend",
                  "labels",
                  "title"
               ],
               "isUpdatedView": true,
               "refreshContent": {"refreshContent": false},
               "refreshInterval": 300,
               "resource": {
                  "id": "Ext.vcops.chrome.model.Resource-2",
                  "resourceId": "resource:id:0_::_",
                  "resourceKindId": "002006VMWAREvSphere World",
                  "resourceName": "vSphere World",
                  "traversalSpecId": ""
               },
               "selectFirstRow": {"selectFirstRow": false},
               "selfProvider": {"selfProvider": true},
               "title": ".",
               "traversalSpecId": null,
               "viewDefinitionId": "5c0fd608-b82a-4af2-b155-2f097322bc9f"
            },
            "gridsterCoords": {
               "h": 3,
               "w": 12,
               "x": 1,
               "y": 1
            },
            "height": 153,
            "id": "53baba28-1f03-4bdd-83ac-10c93faab45e",
            "title": ".",
            "type": "View"
         },
         {
            "collapsed": false,
            "config": {
               "chartViewItems": [],
               "isUpdatedView": true,
               "refreshContent": {"refreshContent": false},
               "refreshInterval": 300,
               "resource": {
                  "id": "Ext.vcops.chrome.model.Resource-1",
                  "resourceId": "resource:id:0_::_",
                  "resourceKindId": "002006VMWAREvSphere World",
                  "resourceName": "vSphere World",
                  "traversalSpecId": ""
               },
               "selectFirstRow": {"selectFirstRow": false},
               "selfProvider": {"selfProvider": true},
               "title": "Carbon Emission Trend in grams",
               "traversalSpecId": null,
               "viewDefinitionId": "3226f05b-1320-41f8-a437-4682f262841f"
            },
            "gridsterCoords": {
               "h": 6,
               "w": 12,
               "x": 1,
               "y": 4
            },
            "height": 324,
            "id": "8c972a4a-ee98-4b16-99a4-7820a09074dc",
            "title": "Carbon Emission Trend in grams",
            "type": "View"
         },
         {
            "collapsed": false,
            "config": {
               "chartViewItems": [],
               "isUpdatedView": true,
               "refreshContent": {"refreshContent": false},
               "refreshInterval": 300,
               "resource": null,
               "selectFirstRow": {"selectFirstRow": false},
               "selfProvider": {"selfProvider": false},
               "title": "Weekly Cluster Carbon Emission",
               "traversalSpecId": "",
               "viewDefinitionId": "112178c0-8e59-4145-954c-9fc290d3d351"
            },
            "gridsterCoords": {
               "h": 6,
               "w": 4,
               "x": 9,
               "y": 10
            },
            "height": 324,
            "id": "b4d5fdbd-d998-46bb-a99d-a9d892f51c9a",
            "states": [
               {
                  "key": "perm_toolbarVisible_widget_0ef2bd37-2375-4a20-895f-17b99953a10e_b4d5fdbd-d998-46bb-a99d-a9d892f51c9a",
                  "value": "b%3A0"
               },
               {
                  "key": "permSelectedDate_widget_0ef2bd37-2375-4a20-895f-17b99953a10e_b4d5fdbd-d998-46bb-a99d-a9d892f51c9a",
                  "value": "s%3A%7B%22minType%22%3A%22.TimeIntervalControl%22%2C%22advancedTimeMode%22%3Afalse%2C%22fromTime%22%3Anull%2C%22unit%22%3A%22MONTHS%22%2C%22count%22%3A1%2C%22priorUnit%22%3Anull%2C%22priorCount%22%3Anull%2C%22startSubUnit%22%3Anull%2C%22startPeriod%22%3Anull%2C%22toTime%22%3Anull%2C%22endUnit%22%3Anull%2C%22endCount%22%3Anull%2C%22endSubUnit%22%3Anull%2C%22endPeriod%22%3Anull%2C%22isRealTimeData%22%3Anull%2C%22mondayHours%22%3A%5B%5D%2C%22tuesdayHours%22%3A%5B%5D%2C%22wednesdayHours%22%3A%5B%5D%2C%22thursdayHours%22%3A%5B%5D%2C%22fridayHours%22%3A%5B%5D%2C%22saturdayHours%22%3A%5B%5D%2C%22sundayHours%22%3A%5B%5D%7D"
               }
            ],
            "title": "Weekly Cluster Carbon Emission",
            "type": "View"
         },
         {
            "collapsed": false,
            "config": {
               "chartViewItems": [],
               "isUpdatedView": true,
               "refreshContent": {"refreshContent": false},
               "refreshInterval": 300,
               "resource": null,
               "selectFirstRow": {"selectFirstRow": false},
               "selfProvider": {"selfProvider": false},
               "title": "Weekly Cluster Hosts Carbon Emission",
               "traversalSpecId": "",
               "viewDefinitionId": "8d4fa5b4-9d14-4d5c-82a8-9019198c3b74"
            },
            "gridsterCoords": {
               "h": 6,
               "w": 4,
               "x": 5,
               "y": 22
            },
            "height": 324,
            "id": "614ae2a7-1be8-40d6-8ce5-0bb7700ec602",
            "states": [
               {
                  "key": "permSelectedDate_widget_0ef2bd37-2375-4a20-895f-17b99953a10e_614ae2a7-1be8-40d6-8ce5-0bb7700ec602",
                  "value": "s%3A%7B%22minType%22%3A%22.TimeIntervalControl%22%2C%22advancedTimeMode%22%3Afalse%2C%22fromTime%22%3Anull%2C%22unit%22%3A%22DAYS%22%2C%22count%22%3A7%2C%22priorUnit%22%3Anull%2C%22priorCount%22%3Anull%2C%22startSubUnit%22%3Anull%2C%22startPeriod%22%3Anull%2C%22toTime%22%3Anull%2C%22endUnit%22%3Anull%2C%22endCount%22%3Anull%2C%22endSubUnit%22%3Anull%2C%22endPeriod%22%3Anull%2C%22isRealTimeData%22%3Anull%2C%22mondayHours%22%3A%5B%5D%2C%22tuesdayHours%22%3A%5B%5D%2C%22wednesdayHours%22%3A%5B%5D%2C%22thursdayHours%22%3A%5B%5D%2C%22fridayHours%22%3A%5B%5D%2C%22saturdayHours%22%3A%5B%5D%2C%22sundayHours%22%3A%5B%5D%7D"
               },
               {
                  "key": "permPageSize_widget_0ef2bd37-2375-4a20-895f-17b99953a10e_614ae2a7-1be8-40d6-8ce5-0bb7700ec602",
                  "value": "n%3A50"
               },
               {
                  "key": "perm_toolbarVisible_widget_0ef2bd37-2375-4a20-895f-17b99953a10e_614ae2a7-1be8-40d6-8ce5-0bb7700ec602",
                  "value": "b%3A0"
               }
            ],
            "title": "Weekly Cluster Hosts Carbon Emission",
            "type": "View"
         },
         {
            "collapsed": false,
            "config": {
               "chartViewItems": [],
               "isUpdatedView": true,
               "refreshContent": {"refreshContent": false},
               "refreshInterval": 300,
               "resource": null,
               "selectFirstRow": {"selectFirstRow": false},
               "selfProvider": {"selfProvider": false},
               "title": "Weekly Cluster VMs Carbon Emission",
               "traversalSpecId": "",
               "viewDefinitionId": "82562670-fee5-4d65-8a6a-8f4f3e56c485"
            },
            "gridsterCoords": {
               "h": 6,
               "w": 4,
               "x": 9,
               "y": 22
            },
            "height": 324,
            "id": "80e4fc26-7c44-4ca0-a9aa-7c98fe71d65d",
            "states": [
               {
                  "key": "permPageSize_widget_0ef2bd37-2375-4a20-895f-17b99953a10e_80e4fc26-7c44-4ca0-a9aa-7c98fe71d65d",
                  "value": "n%3A50"
               },
               {
                  "key": "permSelectedDate_widget_0ef2bd37-2375-4a20-895f-17b99953a10e_80e4fc26-7c44-4ca0-a9aa-7c98fe71d65d",
                  "value": "s%3A%7B%22minType%22%3A%22.TimeIntervalControl%22%2C%22advancedTimeMode%22%3Afalse%2C%22fromTime%22%3Anull%2C%22unit%22%3A%22DAYS%22%2C%22count%22%3A7%2C%22priorUnit%22%3Anull%2C%22priorCount%22%3Anull%2C%22startSubUnit%22%3Anull%2C%22startPeriod%22%3Anull%2C%22toTime%22%3Anull%2C%22endUnit%22%3Anull%2C%22endCount%22%3Anull%2C%22endSubUnit%22%3Anull%2C%22endPeriod%22%3Anull%2C%22isRealTimeData%22%3Anull%2C%22mondayHours%22%3A%5B%5D%2C%22tuesdayHours%22%3A%5B%5D%2C%22wednesdayHours%22%3A%5B%5D%2C%22thursdayHours%22%3A%5B%5D%2C%22fridayHours%22%3A%5B%5D%2C%22saturdayHours%22%3A%5B%5D%2C%22sundayHours%22%3A%5B%5D%7D"
               }
            ],
            "title": "Weekly Cluster VMs Carbon Emission",
            "type": "View"
         },
         {
            "collapsed": false,
            "config": {
               "additionalColumns": [
                  {
                     "boxLabel": "Capacity Remaining (%)",
                     "metricKey": "OnlineCapacityAnalytics|capacityRemainingPercentage",
                     "metricName": "Capacity Analytics Generated|Capacity Remaining Percentage (%)",
                     "resourceKindId": "resourceKind:id:0_::_"
                  },
                  {
                     "boxLabel": "Time Remaining (Days)",
                     "metricKey": "OnlineCapacityAnalytics|timeRemaining",
                     "metricName": "Capacity Analytics Generated|Time Remaining (Day(s))",
                     "resourceKindId": "resourceKind:id:0_::_"
                  }
               ],
               "barsCount": 10,
               "customFilter": {
                  "excludedResources": null,
                  "filter": [],
                  "includedResources": null
               },
               "depth": 10,
               "filterMode": "tagPicker",
               "filterOldMetrics": {"filterOldMetrics": false},
               "maxValue": null,
               "metric": {
                  "metricKey": "sustainability|power_usage_per_ghz",
                  "name": "Sustainability|Power usage per GHz (Wh)"
               },
               "metricName": "Power usage per GHz",
               "metricUnit": {
                  "metricUnitId": -1,
                  "metricUnitName": "Auto"
               },
               "mode": "all",
               "orangeBound": 50,
               "percentileValue": null,
               "redBound": 80,
               "refreshContent": {"refreshContent": true},
               "refreshInterval": 300,
               "regenerationTime": 15,
               "relationshipMode": {"relationshipMode": [
                  -1,
                  0
               ]},
               "resource": [],
               "resourceKind": [{"id": "resourceKind:id:0_::_"}],
               "roundDecimals": 1,
               "selfProvider": {"selfProvider": true},
               "tagFilter": null,
               "title": "Clusters by Lowest Power Consumption: Real-Time",
               "topOption": "metricsLowestUtilization",
               "yellowBound": 40
            },
            "gridsterCoords": {
               "h": 8,
               "w": 6,
               "x": 7,
               "y": 28
            },
            "height": 438,
            "id": "be620642-360a-4103-b02a-63bb8585409d",
            "states": [{
               "key": "perm_toolbarVisible_widget_0ef2bd37-2375-4a20-895f-17b99953a10e_be620642-360a-4103-b02a-63bb8585409d",
               "value": "b%3A1"
            }],
            "title": "Clusters by Lowest Power Consumption: Real-Time",
            "type": "ParetoAnalysis"
         },
         {
            "collapsed": false,
            "config": {
               "boxColumns": 3,
               "boxHeight": null,
               "customFilter": {
                  "excludedResources": null,
                  "filter": [],
                  "includedResources": null
               },
               "depth": 1,
               "labelSize": 16,
               "maxCellCount": 100,
               "metric": {
                  "mode": "resourceKind",
                  "resourceKindMetrics": [{
                     "colorMethod": 0,
                     "handleOldColoring": false,
                     "id": "extModel16411-1",
                     "isStringMetric": false,
                     "label": "Carbon Emission",
                     "link": "",
                     "metricKey": "Super Metric|sm_97da0ad0-627b-4752-885f-85234072a3e8",
                     "metricName": "Super Metrics|Carbon emission",
                     "metricUnitId": "g",
                     "orangeBound": 90,
                     "redBound": 100,
                     "resourceKindId": "resourceKind:id:1_::_",
                     "resourceKindName": "Datacenter",
                     "unit": "g",
                     "yellowBound": 70
                  }],
                  "resourceMetrics": [],
                  "subMode": "resourceKindAll"
               },
               "mode": {"layoutMode": "fixedView"},
               "oldMetricValues": true,
               "periodLength": null,
               "refreshContent": {"refreshContent": true},
               "refreshInterval": 300,
               "relationshipMode": {"relationshipMode": -1},
               "resInteractionMode": null,
               "resource": [],
               "roundDecimals": null,
               "selfProvider": {"selfProvider": false},
               "showDT": {"showDT": false},
               "showMetricName": {"showMetricName": false},
               "showMetricUnit": {"showMetricUnit": true},
               "showResourceName": {"showResourceName": true},
               "showSparkline": {"showSparkline": false},
               "title": "Real-Time Datacenter Carbon Emission",
               "valueSize": 24,
               "visualTheme": 8
            },
            "gridsterCoords": {
               "h": 6,
               "w": 12,
               "x": 1,
               "y": 16
            },
            "height": 324,
            "id": "1a0f6d5d-9a14-477c-96ab-fc0452dfe745",
            "title": "Real-Time Datacenter Carbon Emission",
            "type": "Scoreboard"
         },
         {
            "collapsed": false,
            "config": {
               "configs": [{
                  "attributeKind": {
                     "id": "Super Metric|sm_a7980619-4a2f-4cc4-9a9a-f76248ff13a8",
                     "value": "Super Metrics|Oversized Clusters (No unit)"
                  },
                  "attributePaths": ["/root/allMetricsRoot/GROUP_Super Metric/Super Metric|sm_a7980619-4a2f-4cc4-9a9a-f76248ff13a8"],
                  "color": {
                     "maxValue": 1,
                     "minValue": 0,
                     "thresholds": {
                        "colors": [
                           "#00ff00",
                           "#888800",
                           "#ff0000"
                        ],
                        "values": [
                           0,
                           50,
                           100
                        ]
                     }
                  },
                  "colorBy": {
                     "metricKey": "Super Metric|sm_a7980619-4a2f-4cc4-9a9a-f76248ff13a8",
                     "value": "Super Metrics|Oversized Clusters (No unit)"
                  },
                  "customFilter": {
                     "excludedResources": null,
                     "filter": [],
                     "includedResources": null
                  },
                  "filterMode": "tagPicker",
                  "focusOnGroups": false,
                  "groupBy": {
                     "adapterKind": "VMWARE",
                     "id": "004null002006VMWAREClusterComputeResource",
                     "parentId": "VMWARE",
                     "parentText": "vCenter",
                     "resourceKind": "ClusterComputeResource",
                     "text": "Cluster Compute Resource",
                     "type": "resourceKind",
                     "typeId": "resourceKind:id:0_::_"
                  },
                  "mode": {"mode": false},
                  "name": "Oversized Clusters",
                  "relationalGrouping": false,
                  "resourceKind": "resourceKind:id:0_::_",
                  "sizeBy": {
                     "metricKey": null,
                     "value": ""
                  },
                  "solidColoring": false,
                  "tagFilter": null,
                  "thenBy": null
               }],
               "depth": 10,
               "mode": "all",
               "refreshContent": {"refreshContent": false},
               "refreshInterval": 300,
               "relationshipMode": {"relationshipMode": [
                  1,
                  -1,
                  0
               ]},
               "resource": [],
               "selfProvider": {"selfProvider": true},
               "title": "Oversized Clusters",
               "value": 0
            },
            "gridsterCoords": {
               "h": 6,
               "w": 4,
               "x": 1,
               "y": 22
            },
            "height": 324,
            "id": "c1477edf-d6ad-4292-9e3d-04d03925d221",
            "states": [{
               "key": "perm_HeatMap_widget_0ef2bd37-2375-4a20-895f-17b99953a10e_c1477edf-d6ad-4292-9e3d-04d03925d221",
               "value": "o%3A"
            }],
            "title": "Oversized Clusters",
            "type": "Heatmap"
         },
         {
            "collapsed": false,
            "config": {
               "chartViewItems": [],
               "isUpdatedView": true,
               "refreshContent": {"refreshContent": false},
               "refreshInterval": 300,
               "resource": {
                  "id": "Ext.vcops.chrome.model.Resource-2",
                  "resourceId": "resource:id:0_::_",
                  "resourceKindId": "002006VMWAREvSphere World",
                  "resourceName": "vSphere World",
                  "traversalSpecId": ""
               },
               "selectFirstRow": {"selectFirstRow": false},
               "selfProvider": {"selfProvider": true},
               "title": "Weekly vCenter Carbon Emissions",
               "traversalSpecId": null,
               "viewDefinitionId": "e2e6fed0-2b9f-439b-9732-66ff34454366"
            },
            "gridsterCoords": {
               "h": 6,
               "w": 4,
               "x": 1,
               "y": 10
            },
            "height": 324,
            "id": "d02c6191-e6a1-4466-88f6-fe172186be2c",
            "title": "Weekly vCenter Carbon Emissions",
            "type": "View"
         },
         {
            "collapsed": false,
            "config": {
               "chartViewItems": [],
               "isUpdatedView": true,
               "refreshContent": {"refreshContent": false},
               "refreshInterval": 300,
               "resource": null,
               "selectFirstRow": {"selectFirstRow": false},
               "selfProvider": {"selfProvider": false},
               "title": "Weekly Datacenter Carbon Emission",
               "traversalSpecId": "",
               "viewDefinitionId": "4887ba90-2dc3-497f-a621-54aec98ef7cb"
            },
            "gridsterCoords": {
               "h": 6,
               "w": 4,
               "x": 5,
               "y": 10
            },
            "height": 324,
            "id": "9c6f7499-1a36-419f-8f5f-a912ce96dabf",
            "title": "Weekly Datacenter Carbon Emission",
            "type": "View"
         }
      ]
   }],
   "entries": {
      "resource": [{
         "adapterKindKey": "VMWARE",
         "identifiers": [],
         "internalId": "resource:id:0_::_",
         "name": "vSphere World",
         "resourceKindKey": "vSphere World"
      }],
      "resourceKind": [
         {
            "adapterKindKey": "VMWARE",
            "internalId": "resourceKind:id:1_::_",
            "resourceKindKey": "Datacenter"
         },
         {
            "adapterKindKey": "VMWARE",
            "internalId": "resourceKind:id:0_::_",
            "resourceKindKey": "ClusterComputeResource"
         }
      ]
   },
   "uuid": "337313a2-3ee4-4a3b-8acc-bf9327ee8d74"
}